"Date","Time","Group_Name","Latitude","Longitude","Altitude","Transect_Number","Hole_Diameter"
"13/07/2016",2016-07-17 13:54:32,"Tiger",-25.56241845,153.06837785,"175.300003051758","15",60
"13/07/2016",2016-07-17 13:55:05,"Tiger",-25.56241869,153.06837729,"175.399993896484","15",90
"13/07/2016",2016-07-17 13:56:25,"Tiger",-25.56243131,153.06836174,"174","15",50
"13/07/2016",2016-07-17 13:56:48,"Tiger",-25.56243125,153.06836214,"174","15",50
"13/07/2016",2016-07-17 14:00:23,"Tiger",-25.56247214,153.06835207,"173","15",30
"13/07/2016",2016-07-17 14:05:56,"Tiger",-25.56257621,153.06831881,"169.5","15",40
"13/07/2016",2016-07-17 14:06:28,"Tiger",-25.56261103,153.06829751,"171","15",50
"13/07/2016",2016-07-17 14:09:00,"Tiger",-25.56262162,153.06827855,"161","15",35
"13/07/2016",2016-07-17 14:10:57,"Tiger",-25.56271514,153.06825322,"170.100006103516","15",50
"13/07/2016",2016-07-17 14:14:46,"Tiger",-25.56280068,153.0681854,"166.899993896484","15",30
"13/07/2016",2016-07-17 14:18:38,"Tiger",-25.56292357,153.06821697,"174.5","15",50
"13/07/2016",2016-07-17 14:22:04,"Tiger",-25.56317036,153.068304,"168.5","15",35
"13/07/2016",2016-07-17 14:22:30,"Tiger",-25.56319366,153.06830203,"170.699996948242","15",30
"13/07/2016",2016-07-17 14:27:39,"Tiger",-25.5634416,153.0684171,"165.5","15",35
"13/07/2016",2016-07-17 14:30:24,"Tiger",-25.56367633,153.06842816,"165.600006103516","15",30
"13/07/2016",2016-07-17 14:31:23,"Tiger",-25.56376603,153.06833599,"165.600006103516","15",30
"13/07/2016",2016-07-17 14:35:44,"Tiger",-25.56428432,153.06816104,"163.899993896484","15",35
"13/07/2016",2016-07-17 14:36:25,"Tiger",-25.56430338,153.06816402,"165.5","15",25
"13/07/2016",2016-07-17 14:38:35,"Tiger",-25.56452501,153.06818547,"165.699996948242","15",35
"13/07/2016",2016-07-17 14:38:50,"Tiger",-25.56452683,153.06818498,"165.899993896484","15",30
"13/07/2016",2016-07-17 14:39:31,"Tiger",-25.56452799,153.06818614,"165.199996948242","15",35
"13/07/2016",2016-07-17 14:40:18,"Tiger",-25.56463587,153.06819003,"154.899993896484","15",25
"13/07/2016",2016-07-17 14:40:50,"Tiger",-25.56464283,153.068194,"156","15",30
"13/07/2016",2016-07-17 14:41:11,"Tiger",-25.56470026,153.06816988,"155.399993896484","15",4
"13/07/2016",2016-07-17 14:41:48,"Tiger",-25.56477789,153.06816918,"155","15",30
"13/07/2016",2016-07-17 14:42:29,"Tiger",-25.56485011,153.0681969,"151.399993896484","15",3.5
"13/07/2016",2016-07-17 14:44:10,"Tiger",-25.56511741,153.06832823,"156.199996948242","15",3.5
"13/07/2016",2016-07-17 14:44:54,"Tiger",-25.56520241,153.06837675,"158.600006103516","15",20
"13/07/2016",2016-07-17 14:45:18,"Tiger",-25.56525536,153.0683968,"160.5","15",20
"13/07/2016",2016-07-17 14:45:44,"Tiger",-25.56530119,153.06842464,"161","15",30
"13/07/2016",2016-07-17 15:19:54,"Tiger",-25.5733737,153.07373984,"153.899993896484","11",35
"13/07/2016",2016-07-17 15:20:16,"Tiger",-25.57337477,153.07374086,"154.199996948242","11",4
"13/07/2016",2016-07-17 15:20:49,"Tiger",-25.5733753,153.07374083,"154.199996948242","11",25
"13/07/2016",2016-07-17 15:21:46,"Tiger",-25.57337635,153.07374069,"154.300003051758","11",4
"13/07/2016",2016-07-17 15:22:34,"Tiger",-25.57337664,153.07374086,"154.300003051758","11",30
"13/07/2016",2016-07-17 15:23:17,"Tiger",-25.57337726,153.07374109,"154.199996948242","11",30
"13/07/2016",2016-07-17 15:24:28,"Tiger",-25.57342026,153.07373673,"157.800003051758","11",20
"13/07/2016",2016-07-17 15:24:32,"Tiger",-25.57342941,153.07373547,"158.399993896484","11",30
"13/07/2016",2016-07-17 15:25:32,"Tiger",-25.57352526,153.07370383,"151.399993896484","11",20
"13/07/2016",2016-07-17 15:25:56,"Tiger",-25.57353722,153.0736987,"150.600006103516","11",20
"13/07/2016",2016-07-17 15:27:57,"Tiger",-25.57375339,153.07374927,"151.399993896484","11",20
"13/07/2016",2016-07-17 15:29:13,"Tiger",-25.57399766,153.07379107,"142.600006103516","11",35
"13/07/2016",2016-07-17 15:30:12,"Tiger",-25.57410439,153.07378163,"148.899993896484","11",20
"13/07/2016",2016-07-17 15:31:35,"Tiger",-25.57413736,153.07380111,"154.399993896484","11",25
"13/07/2016",2016-07-17 15:31:43,"Tiger",-25.5741565,153.07380827,"156.899993896484","11",2
"13/07/2016",2016-07-17 15:31:51,"Tiger",-25.57416776,153.07381158,"158.300003051758","11",2
"13/07/2016",2016-07-17 15:34:38,"Tiger",-25.57446427,153.07393506,"160.300003051758","11",35
"13/07/2016",2016-07-17 15:34:42,"Tiger",-25.57446425,153.0739352,"160.399993896484","11",35
"13/07/2016",2016-07-17 15:34:46,"Tiger",-25.57446429,153.07393524,"160.399993896484","11",30
"13/07/2016",2016-07-17 15:35:33,"Tiger",-25.57464269,153.07391504,"159.300003051758","11",20
"13/07/2016",2016-07-17 15:36:18,"Tiger",-25.57473087,153.0739446,"164.399993896484","11",25
"13/07/2016",2016-07-17 15:36:21,"Tiger",-25.57473413,153.07392684,"164.5","11",25
"13/07/2016",2016-07-17 15:36:23,"Tiger",-25.5747407,153.07391362,"164.899993896484","11",30
"13/07/2016",2016-07-17 15:36:58,"Tiger",-25.57473627,153.07388872,"158.800003051758","11",15
"13/07/2016",2016-07-17 15:37:11,"Tiger",-25.57476344,153.07388304,"156.600006103516","11",30
"13/07/2016",2016-07-17 15:37:16,"Tiger",-25.57476747,153.07388787,"158.300003051758","11",25
"13/07/2016",2016-07-17 15:37:19,"Tiger",-25.57476839,153.07389556,"159.100006103516","11",10
"13/07/2016",2016-07-17 15:37:39,"Tiger",-25.57477578,153.07386976,"156.899993896484","11",20
"13/07/2016",2016-07-17 15:39:20,"Tiger",-25.57485428,153.07385094,"160.800003051758","11",2
"13/07/2016",2016-07-17 15:39:26,"Tiger",-25.57486971,153.07384248,"161.399993896484","11",2
"13/07/2016",2016-07-17 15:40:53,"Tiger",-25.57507975,153.07381877,"163.699996948242","11",25
"13/07/2016",2016-07-17 15:42:50,"Tiger",-25.57526077,153.07380943,"162.699996948242","11",25
"13/07/2016",2016-07-17 15:43:23,"Tiger",-25.57526163,153.07380955,"162.899993896484","11",30
"13/07/2016",2016-07-17 15:43:40,"Tiger",-25.57528903,153.07378258,"165","11",1
"13/07/2016",2016-07-17 15:43:55,"Tiger",-25.57533563,153.07372229,"159.399993896484","11",20
"13/07/2016",2016-07-17 15:46:59,"Tiger",-25.57582833,153.07365434,"166.399993896484","11",2
"13/07/2016",2016-07-17 15:47:31,"Tiger",-25.57582852,153.07365443,"166.399993896484","11",10
"13/07/2016",2016-07-17 15:47:36,"Tiger",-25.57582849,153.07365441,"166.399993896484","11",8
"13/07/2016",2016-07-17 15:47:39,"Tiger",-25.57582848,153.07365443,"166.399993896484","11",8
"13/07/2016",2016-07-17 15:47:52,"Tiger",-25.57582859,153.07365452,"166.399993896484","11",25
"13/07/2016",2016-07-17 15:48:08,"Tiger",-25.57582871,153.0736545,"166.399993896484","11",10
"13/07/2016",2016-07-17 15:48:29,"Tiger",-25.57584282,153.07364227,"162.699996948242","11",5
"13/07/2016",2016-07-17 15:48:31,"Tiger",-25.57585578,153.07364524,"161.699996948242","11",2
"13/07/2016",2016-07-17 13:58:40,"beegees",-25.56056809,153.06954659,"171.199996948242","16",45
"13/07/2016",2016-07-17 14:01:46,"beegees",-25.56055888,153.06956678,"163.5","16",15
"13/07/2016",2016-07-17 14:04:15,"beegees",-25.560568,153.0698485,"168.800003051758","16",30
"13/07/2016",2016-07-17 14:15:44,"beegees",-25.56176961,153.06897001,"164.300003051758","16",18
"13/07/2016",2016-07-17 14:17:24,"beegees",-25.56187004,153.06877724,"158","16",35
"13/07/2016",2016-07-17 14:25:27,"beegees",-25.56564296,153.06858455,"160.899993896484","14",30
"13/07/2016",2016-07-17 14:25:58,"beegees",-25.56577018,153.06872427,"148.399993896484","14",30
"13/07/2016",2016-07-17 14:27:26,"beegees",-25.56584896,153.06863353,"158.699996948242","14",44
"13/07/2016",2016-07-17 14:27:30,"beegees",-25.56587742,153.06862415,"158.699996948242","14",35
"13/07/2016",2016-07-17 14:27:53,"beegees",-25.56592092,153.06858305,"177.199996948242","14",47
"13/07/2016",2016-07-17 14:30:44,"beegees",-25.56627311,153.0688052,"146.800003051758","14",40
"13/07/2016",2016-07-17 14:34:45,"beegees",-25.56704707,153.06939283,"170.199996948242","14",40
"13/07/2016",2016-07-17 14:34:53,"beegees",-25.56721671,153.069588,"158.399993896484","14",35
"13/07/2016",2016-07-17 14:35:15,"beegees",-25.56722533,153.06953906,"179.100006103516","14",37
"13/07/2016",2016-07-17 14:36:27,"beegees",-25.5672163,153.06984175,"159.699996948242","14",25
"13/07/2016",2016-07-17 14:41:06,"beegees",-25.56751952,153.07062396,"171","14",24
"13/07/2016",2016-07-17 14:51:14,"beegees",-25.57057561,153.07326262,"152.300003051758","12",37
"13/07/2016",2016-07-17 14:54:19,"beegees",-25.57099193,153.07340693,"151.5","12",35
"13/07/2016",2016-07-17 14:54:25,"beegees",-25.57099017,153.07340505,"152","12",25
"13/07/2016",2016-07-17 14:59:06,"beegees",-25.57141092,153.07328204,"154.899993896484","12",0.52
"13/07/2016",2016-07-17 14:59:13,"beegees",-25.57141123,153.07328172,"154.899993896484","12",32
"13/07/2016",2016-07-17 15:02:21,"beegees",-25.57203173,153.07344648,"155.899993896484","12",36
"13/07/2016",2016-07-17 15:05:42,"beegees",-25.57270703,153.07347945,"160.800003051758","12",42
"13/07/2016",2016-07-17 15:12:00,"beegees",-25.57314778,153.07373435,"159.399993896484","12",25
"13/07/2016",2016-07-17 15:21:54,"beegees",-25.57668839,153.07347947,"162.899993896484","10",22
"13/07/2016",2016-07-17 15:22:04,"beegees",-25.57669181,153.07348165,"162.399993896484","10",17
"13/07/2016",2016-07-17 15:25:33,"beegees",-25.57669623,153.0734839,"163.199996948242","10",29
"13/07/2016",2016-07-17 15:25:39,"beegees",-25.57669774,153.07348506,"163.199996948242","10",26
"13/07/2016",2016-07-17 15:27:42,"beegees",-25.5772928,153.0736157,"192.5","10",37
"13/07/2016",2016-07-17 15:32:05,"beegees",-25.57739144,153.07426891,"222.899993896484","10",31
"13/07/2016",2016-07-17 15:33:16,"beegees",-25.57752076,153.0744124,"181.899993896484","10",54
"13/07/2016",2016-07-17 15:38:25,"beegees",-25.57770336,153.07470535,"211.5","10",36
"13/07/2016",2016-07-17 13:18:32,"alaska",-25.599486,153.09018434,"61.5999984741211","1",15
"13/07/2016",2016-07-17 13:42:41,"alaska",-25.59687264,153.08864749,"75","1",20
"13/07/2016",2016-07-17 13:48:23,"alaska",-25.59643929,153.08828251,"59.9000015258789","1",20
"13/07/2016",2016-07-17 14:34:06,"alaska",-25.58736718,153.083432,"78.3000030517578","5",20
"13/07/2016",2016-07-17 14:34:53,"alaska",-25.58736976,153.08343419,"78.8000030517578","5",25
"13/07/2016",2016-07-17 14:36:40,"alaska",-25.58714701,153.08341105,"78.9000015258789","5",25
"13/07/2016",2016-07-17 14:38:25,"alaska",-25.58685325,153.08329296,"84.5999984741211","5",18
"13/07/2016",2016-07-17 14:39:56,"alaska",-25.5867027,153.0831863,"89.5999984741211","5",25
"13/07/2016",2016-07-17 14:41:19,"alaska",-25.58670474,153.08317572,"88.0999984741211","5",20
"13/07/2016",2016-07-17 14:43:05,"alaska",-25.58669004,153.08313132,"93.8000030517578","5",15
"13/07/2016",2016-07-17 14:43:38,"alaska",-25.58663066,153.08309252,"95.8000030517578","5",20
"13/07/2016",2016-07-17 14:47:11,"alaska",-25.58635291,153.0827369,"95","5",15
"13/07/2016",2016-07-17 14:51:04,"alaska",-25.58591721,153.08241392,"96.4000015258789","5",15
"13/07/2016",2016-07-17 14:53:22,"alaska",-25.58555171,153.08198759,"114.800003051758","5",25
"13/07/2016",2016-07-17 14:53:33,"alaska",-25.58557202,153.08202254,"116.599998474121","5",20
"13/07/2016",2016-07-17 15:02:49,"alaska",-25.58511555,153.08149574,"115.199996948242","5",15
"13/07/2016",2016-07-17 15:21:24,"alaska",-25.58164407,153.07933065,"128.199996948242","7",15
"13/07/2016",2016-07-17 15:25:04,"alaska",-25.58101394,153.07862201,"130.399993896484","7",30
"13/07/2016",2016-07-17 15:25:48,"alaska",-25.58095579,153.07871636,"160.5","7",20
"13/07/2016",2016-07-17 14:03:03,"natalie",-25.578593,153.076715,"144.9","8",5
"13/07/2016",2016-07-17 14:05:17,"natalie",-25.578636,153.076782,"141.4","8",5
"13/07/2016",2016-07-17 14:10:17,"natalie",-25.579052,153.077107,"138.2","8",30
"13/07/2016",2016-07-17 14:17:50,"natalie",-25.579742,153.077807,"131.2","8",30
"13/07/2016",2016-07-17 14:18:28,"natalie",-25.579685,153.077701,"129.1","8",22
"13/07/2016",2016-07-17 14:21:04,"natalie",-25.580087,153.07809,"129.1","8",25
"13/07/2016",2016-07-17 14:33:12,"natalie",-25.582877,153.080312,"92.6","6",11
"13/07/2016",2016-07-17 14:42:05,"natalie",-25.58366,153.081288,"89.9","6",20
"13/07/2016",2016-07-17 14:54:41,"natalie",-25.585046,153.081867,"74.1","6",20
"13/07/2016",2016-07-17 15:05:45,"natalie",-25.58803,153.083529,"29.4","4",19
"13/07/2016",2016-07-17 15:05:58,"natalie",-25.588048,153.083514,"29.3","4",15
"13/07/2016",2016-07-17 15:10:32,"natalie",-25.588363,153.083666,"30","4",14
"13/07/2016",2016-07-17 15:11:55,"natalie",-25.588595,153.083861,"29.3","4",7
"13/07/2016",2016-07-17 15:13:32,"natalie",-25.58866,153.083935,"27.3","4",12
"13/07/2016",2016-07-17 15:19:56,"natalie",-25.589485,153.083964,"44.4","4",5
"13/07/2016",2016-07-17 15:20:11,"natalie",-25.589485,153.083964,"44.4","4",7
"13/07/2016",2016-07-17 15:20:20,"natalie",-25.589485,153.083964,"44.4","4",8
"13/07/2016",2016-07-17 15:20:32,"natalie",-25.589485,153.083964,"44.4","4",2
"13/07/2016",2016-07-17 15:25:00,"natalie",-25.58997,153.08427,"32.8","4",14
"13/07/2016",2016-07-17 15:34:52,"natalie",-25.593827,153.086565,"24.8","2",8
"12/07/2016",2016-07-17 14:05:30,"greenjjn",-25.58813966,153.08337798,"49.9000015258789","4",20
"12/07/2016",2016-07-17 14:22:11,"greenjjn",-25.58502162,153.08170202,"99.0999984741211","6",25
"12/07/2016",2016-07-17 14:48:30,"greenjjn",-25.58010046,153.07800411,"174.699996948242","8",40
"12/07/2016",2016-07-17 13:22:10,"greenthumb",-25.59951043,153.09019419,"55.9000015258789","1",20
"12/07/2016",2016-07-17 13:47:53,"greenthumb",-25.5979887,153.08969473,"52.2999992370605","1",32
"12/07/2016",2016-07-17 14:10:21,"greenthumb",-25.59276887,153.08613125,"79.4000015258789","3",25
"12/07/2016",2016-07-17 14:13:17,"greenthumb",-25.59240016,153.08587028,"120.300003051758","3",18
"12/07/2016",2016-07-17 14:15:50,"greenthumb",-25.59206655,153.08574395,"86.3000030517578","3",22
"12/07/2016",2016-07-17 14:27:01,"greenthumb",-25.59064187,153.08467867,"75.6999969482422","3",17
"12/07/2016",2016-07-17 14:51:28,"greenthumb",-25.58514401,153.08169811,"119.300003051758","5",20
"12/07/2016",2016-07-17 15:03:46,"greenthumb",-25.58211836,153.07988353,"150.199996948242","7",19
"12/07/2016",2016-07-17 15:11:30,"greenthumb",-25.58146326,153.07908526,"160.5","7",23
"12/07/2016",2016-07-17 15:13:20,"greenthumb",-25.58131048,153.0790727,"157.5","7",10
"12/07/2016",2016-07-17 15:13:55,"greenthumb",-25.58122075,153.07895465,"159.800003051758","7",30
"12/07/2016",2016-07-17 15:15:09,"greenthumb",-25.58112952,153.07889596,"167.699996948242","7",32
"12/07/2016",2016-07-17 15:17:10,"greenthumb",-25.58089026,153.07867327,"160","7",25
"12/07/2016",2016-07-17 15:19:04,"greenthumb",-25.58073606,153.07854575,"156.399993896484","7",42
"12/07/2016",2016-07-17 14:09:59,"greennt",-25.56255188,153.06830104,"175.300003051758","15",8
"12/07/2016",2016-07-17 14:15:10,"greennt",-25.5630246,153.06818785,"172","15",3
"12/07/2016",2016-07-17 14:18:59,"greennt",-25.56340408,153.06838888,"167.399993896484","15",4
"12/07/2016",2016-07-17 14:21:18,"greennt",-25.56346431,153.06837906,"166","15",4
"12/07/2016",2016-07-17 14:21:59,"greennt",-25.5634954,153.06840536,"166.800003051758","15",3
"12/07/2016",2016-07-17 14:22:34,"greennt",-25.56363031,153.06845089,"169.300003051758","15",6
"12/07/2016",2016-07-17 14:22:59,"greennt",-25.56363091,153.06845453,"169.399993896484","15",5
"12/07/2016",2016-07-17 14:23:01,"greennt",-25.5636309,153.06845451,"169.399993896484","15",3
"12/07/2016",2016-07-17 14:25:08,"greennt",-25.56394614,153.06824565,"168.600006103516","15",3.5
"12/07/2016",2016-07-17 14:30:07,"greennt",-25.56474104,153.06819533,"164.600006103516","15",4
"12/07/2016",2016-07-17 14:50:42,"greennt",-25.56486023,153.06823265,"173.100006103516","15",3
"12/07/2016",2016-07-17 14:51:06,"greennt",-25.5648603,153.0682317,"172.899993896484","15",4
"12/07/2016",2016-07-17 14:51:50,"greennt",-25.56502626,153.06832101,"164.100006103516","15",4
"12/07/2016",2016-07-17 14:52:26,"greennt",-25.56515676,153.06835231,"164.300003051758","15",5
"12/07/2016",2016-07-17 14:52:43,"greennt",-25.56517687,153.06835145,"163.5","15",3
"12/07/2016",2016-07-17 15:02:32,"greennt",-25.56779231,153.07094812,"160.399993896484","13",4
"12/07/2016",2016-07-17 15:04:03,"greennt",-25.56790891,153.07110627,"159.399993896484","13",2
"12/07/2016",2016-07-17 15:05:23,"greennt",-25.56791433,153.07115644,"158","13",40
"12/07/2016",2016-07-17 15:05:53,"greennt",-25.56795981,153.0712101,"157.300003051758","13",45
"12/07/2016",2016-07-17 15:06:55,"greennt",-25.56803097,153.07131172,"158.600006103516","13",25
"12/07/2016",2016-07-17 15:07:12,"greennt",-25.56803742,153.0713177,"157.699996948242","13",33
"12/07/2016",2016-07-17 15:07:38,"greennt",-25.5680591,153.07133934,"157.399993896484","13",15
"12/07/2016",2016-07-17 15:09:26,"greennt",-25.5681503,153.07145205,"156.600006103516","13",30
"12/07/2016",2016-07-17 15:10:41,"greennt",-25.56826989,153.07163628,"156.199996948242","13",38
"12/07/2016",2016-07-17 15:13:35,"greennt",-25.56859492,153.07182659,"159.5","13",15
"12/07/2016",2016-07-17 15:13:53,"greennt",-25.56861773,153.07185007,"160","13",34
"12/07/2016",2016-07-17 15:14:23,"greennt",-25.56864552,153.07185992,"156.300003051758","13",20
"12/07/2016",2016-07-17 15:17:41,"greennt",-25.5690399,153.07214693,"167.300003051758","13",30
"12/07/2016",2016-07-17 15:19:19,"greennt",-25.56913696,153.07231445,"150.100006103516","13",25
"12/07/2016",2016-07-17 15:19:37,"greennt",-25.56914875,153.07231811,"152.100006103516","13",40
"12/07/2016",2016-07-17 15:19:40,"greennt",-25.56914858,153.07231773,"152.100006103516","13",40
"12/07/2016",2016-07-17 15:19:51,"greennt",-25.56914949,153.07231731,"152.600006103516","13",5
"12/07/2016",2016-07-17 15:20:39,"greennt",-25.56919434,153.07232912,"152.600006103516","13",35
"12/07/2016",2016-07-17 15:24:12,"greennt",-25.56934009,153.07236885,"154.399993896484","13",35
"12/07/2016",2016-07-17 15:24:14,"greennt",-25.56934012,153.07236891,"154.399993896484","13",40
"12/07/2016",2016-07-17 15:24:35,"greennt",-25.56936104,153.07239178,"154.899993896484","13",35
"12/07/2016",2016-07-17 15:25:17,"greennt",-25.56941251,153.07240275,"157.399993896484","13",1.5
"12/07/2016",2016-07-17 15:25:20,"greennt",-25.5694168,153.07240203,"156.800003051758","13",1
"12/07/2016",2016-07-17 15:25:57,"greennt",-25.56946028,153.07241705,"157.5","13",20
"12/07/2016",2016-07-17 15:26:18,"greennt",-25.56946308,153.07241738,"158","13",30
"12/07/2016",2016-07-17 15:26:31,"greennt",-25.56946243,153.07241696,"158","13",45
"12/07/2016",2016-07-17 15:26:34,"greennt",-25.56946209,153.07241611,"158.100006103516","13",40
"12/07/2016",2016-07-17 15:26:53,"greennt",-25.56946246,153.07241834,"157.199996948242","13",28
"12/07/2016",2016-07-17 15:28:08,"greennt",-25.56965811,153.07269634,"168.699996948242","13",24
"12/07/2016",2016-07-17 15:28:38,"greennt",-25.56972293,153.0727416,"161.5","13",18
"12/07/2016",2016-07-17 15:29:04,"greennt",-25.56973318,153.07273706,"163.899993896484","13",35
"12/07/2016",2016-07-17 15:29:21,"greennt",-25.56977455,153.07277091,"163.100006103516","13",20
"12/07/2016",2016-07-17 15:30:36,"greennt",-25.56993113,153.07296145,"159.5","13",25
"12/07/2016",2016-07-17 15:32:59,"greennt",-25.57017624,153.07307222,"157.399993896484","13",10
"12/07/2016",2016-07-17 15:39:00,"greennt",-25.5731682,153.07371237,"157.399993896484","13",25
"12/07/2016",2016-07-17 15:39:34,"greennt",-25.57318728,153.07373385,"163","11",25
"12/07/2016",2016-07-17 15:39:36,"greennt",-25.57318724,153.07373386,"163","11",25
"12/07/2016",2016-07-17 15:39:54,"greennt",-25.57325181,153.07374868,"162","11",35
"12/07/2016",2016-07-17 15:40:21,"greennt",-25.57333958,153.07374443,"162.199996948242","11",25
"12/07/2016",2016-07-17 15:41:03,"greennt",-25.57347978,153.07373238,"152.899993896484","11",30
"12/07/2016",2016-07-17 15:41:51,"greennt",-25.5735011,153.07373987,"154.600006103516","11",20
"12/07/2016",2016-07-17 15:42:25,"greennt",-25.57357267,153.07368579,"152.699996948242","11",28
"12/07/2016",2016-07-17 15:42:28,"greennt",-25.57358871,153.07368827,"153.699996948242","11",32
"12/07/2016",2016-07-17 15:42:45,"greennt",-25.57359359,153.07368989,"153.399993896484","11",36
"12/07/2016",2016-07-17 15:43:12,"greennt",-25.57365283,153.0737044,"153.800003051758","11",20
"12/07/2016",2016-07-17 15:43:46,"greennt",-25.57373177,153.07372741,"156.600006103516","11",20
"12/07/2016",2016-07-17 15:43:49,"greennt",-25.57373256,153.07372743,"156.600006103516","11",34
"12/07/2016",2016-07-17 15:44:11,"greennt",-25.57378314,153.07374084,"154.5","11",20
"12/07/2016",2016-07-17 15:44:45,"greennt",-25.57386486,153.07375266,"152.899993896484","11",20
"12/07/2016",2016-07-17 15:45:35,"greennt",-25.57395419,153.07377563,"152","11",22
"12/07/2016",2016-07-17 15:45:52,"greennt",-25.57399138,153.07377715,"153.300003051758","11",25
"12/07/2016",2016-07-17 15:46:07,"greennt",-25.57401835,153.07378594,"154.300003051758","11",25
"12/07/2016",2016-07-17 15:46:15,"greennt",-25.57402805,153.07378988,"155.600006103516","11",8
"12/07/2016",2016-07-17 15:46:36,"greennt",-25.57404758,153.0737774,"154.600006103516","11",17
"12/07/2016",2016-07-17 15:46:54,"greennt",-25.57408041,153.07377657,"156.399993896484","11",10
"12/07/2016",2016-07-17 15:46:57,"greennt",-25.57407941,153.07377737,"156.5","11",18
"12/07/2016",2016-07-17 15:49:02,"greennt",-25.57435778,153.0739208,"155","11",34
"12/07/2016",2016-07-17 15:50:32,"greennt",-25.57456822,153.07394093,"162.899993896484","11",26
"12/07/2016",2016-07-17 15:50:40,"greennt",-25.57456835,153.07394097,"162.899993896484","11",15
"12/07/2016",2016-07-17 15:50:42,"greennt",-25.57456832,153.07394097,"162.899993896484","11",23
"12/07/2016",2016-07-17 15:51:01,"greennt",-25.57459456,153.07392251,"161","11",36
"12/07/2016",2016-07-17 15:51:23,"greennt",-25.57463565,153.07391712,"161.300003051758","11",28
"12/07/2016",2016-07-17 15:51:49,"greennt",-25.57469854,153.07388666,"157.899993896484","11",20
"12/07/2016",2016-07-17 15:51:57,"greennt",-25.57471246,153.07387631,"158.699996948242","11",37
"12/07/2016",2016-07-17 15:52:18,"greennt",-25.57475127,153.07387367,"160.5","11",34
"12/07/2016",2016-07-17 15:52:29,"greennt",-25.57476878,153.07386947,"161.5","11",35
"12/07/2016",2016-07-17 15:52:43,"greennt",-25.57479429,153.07385338,"160.699996948242","11",15
"12/07/2016",2016-07-17 15:53:44,"greennt",-25.57490395,153.07384693,"160.899993896484","11",18
"12/07/2016",2016-07-17 15:54:45,"greennt",-25.57508611,153.07382528,"161.300003051758","11",32
"12/07/2016",2016-07-17 15:55:14,"greennt",-25.5751244,153.07382392,"159.699996948242","11",28
"12/07/2016",2016-07-17 15:55:32,"greennt",-25.57512724,153.07381711,"159.300003051758","11",25
"12/07/2016",2016-07-17 15:56:04,"greennt",-25.57516823,153.07381005,"164.300003051758","11",40
"12/07/2016",2016-07-17 15:56:39,"greennt",-25.57526629,153.07380611,"164.600006103516","11",25
"12/07/2016",2016-07-17 15:57:42,"greennt",-25.57543359,153.07372869,"161.600006103516","11",5
"12/07/2016",2016-07-17 15:58:53,"greennt",-25.57552839,153.07372159,"163.100006103516","11",25
"12/07/2016",2016-07-17 15:59:31,"greennt",-25.57562646,153.07371962,"164.399993896484","11",3
"12/07/2016",2016-07-17 15:59:50,"greennt",-25.57568887,153.07372237,"163.399993896484","11",5
"12/07/2016",2016-07-17 16:01:11,"greennt",-25.57594009,153.07362845,"160.5","11",25
"12/07/2016",2016-07-17 16:01:52,"greennt",-25.57600934,153.07366719,"164.5","11",30
"12/07/2016",2016-07-17 16:02:50,"greennt",-25.57616969,153.07373548,"163.699996948242","11",20
"12/07/2016",2016-07-17 16:03:01,"greennt",-25.57617286,153.07372411,"165.899993896484","11",4
"12/07/2016",2016-07-17 16:03:11,"greennt",-25.57619495,153.07370576,"166.199996948242","11",10
"12/07/2016",2016-07-17 16:03:33,"greennt",-25.57624319,153.07368921,"165.100006103516","11",28
"12/07/2016",2016-07-17 16:03:43,"greennt",-25.57625031,153.07368663,"164.5","11",29
"12/07/2016",2016-07-17 16:03:53,"greennt",-25.57627178,153.07369384,"164.399993896484","11",28
"12/07/2016",2016-07-17 14:00:51,"green manta",-25.56039961,153.06990257,"157.300003051758","16",35
"12/07/2016",2016-07-17 14:03:33,"green manta",-25.56059298,153.06995498,"174.899993896484","16",30
"12/07/2016",2016-07-17 14:04:16,"green manta",-25.56059284,153.0699548,"174.800003051758","16",25
"12/07/2016",2016-07-17 14:07:58,"green manta",-25.56082254,153.06991596,"173.300003051758","16",20
"12/07/2016",2016-07-17 14:08:30,"green manta",-25.56082258,153.06991639,"173.5","16",17
"12/07/2016",2016-07-17 14:13:36,"green manta",-25.56121372,153.069874,"174","16",30
"12/07/2016",2016-07-17 14:15:23,"green manta",-25.56146711,153.06976957,"172.5","16",32
"12/07/2016",2016-07-17 14:21:58,"green manta",-25.56176672,153.06909695,"168.300003051758","16",20
"12/07/2016",2016-07-17 14:23:12,"green manta",-25.56187492,153.06883949,"175.5","16",20
"12/07/2016",2016-07-17 14:25:56,"green manta",-25.5620179,153.06855145,"179.699996948242","16",34
"12/07/2016",2016-07-17 14:26:27,"green manta",-25.56209863,153.06847348,"180.199996948242","16",30
"12/07/2016",2016-07-17 14:54:38,"green manta",-25.56576889,153.06856126,"163.100006103516","14",32
"12/07/2016",2016-07-17 14:55:53,"green manta",-25.5660155,153.0686035,"166","14",23
"12/07/2016",2016-07-17 14:56:25,"green manta",-25.56601796,153.0685792,"163.899993896484","14",15
"12/07/2016",2016-07-17 14:56:44,"green manta",-25.56604683,153.068589,"167.300003051758","14",24
"12/07/2016",2016-07-17 14:57:22,"green manta",-25.56616308,153.06859783,"166.199996948242","14",17
"12/07/2016",2016-07-17 14:59:04,"green manta",-25.56625965,153.06870647,"168.199996948242","14",30
"12/07/2016",2016-07-17 14:59:25,"green manta",-25.56631714,153.06873701,"163.800003051758","14",25
"12/07/2016",2016-07-17 14:59:41,"green manta",-25.56634944,153.06877082,"165.800003051758","14",38
"12/07/2016",2016-07-17 15:00:05,"green manta",-25.56635697,153.06879173,"161","14",30
"12/07/2016",2016-07-17 15:02:09,"green manta",-25.56644118,153.06893698,"163.800003051758","14",20
"12/07/2016",2016-07-17 15:02:38,"green manta",-25.56647539,153.06897091,"163.800003051758","14",25
"12/07/2016",2016-07-17 15:03:41,"green manta",-25.56658066,153.06911028,"164.800003051758","14",25
"12/07/2016",2016-07-17 15:06:28,"green manta",-25.56673586,153.06914131,"165.699996948242","14",25
"12/07/2016",2016-07-17 15:07:44,"green manta",-25.56689141,153.06921129,"161.600006103516","14",25
"12/07/2016",2016-07-17 15:10:08,"green manta",-25.56716791,153.06940731,"161.5","14",20
"12/07/2016",2016-07-17 15:10:28,"green manta",-25.56719304,153.0694177,"158.100006103516","14",20
"12/07/2016",2016-07-17 15:10:46,"green manta",-25.56720591,153.06942799,"157.100006103516","14",15
"12/07/2016",2016-07-17 15:11:25,"green manta",-25.56721527,153.06942731,"157.600006103516","14",38
"12/07/2016",2016-07-17 15:12:45,"green manta",-25.5672663,153.06950007,"164.800003051758","14",35
"12/07/2016",2016-07-17 15:12:57,"green manta",-25.56726679,153.06950092,"164.899993896484","14",35
"12/07/2016",2016-07-17 15:13:00,"green manta",-25.56726701,153.06950121,"164.899993896484","14",20
"12/07/2016",2016-07-17 15:13:30,"green manta",-25.56727023,153.06950173,"165","14",35
"12/07/2016",2016-07-17 15:16:09,"green manta",-25.56733081,153.06982863,"162.899993896484","14",35
"12/07/2016",2016-07-17 15:18:29,"green manta",-25.56744714,153.07028109,"163.899993896484","14",20
"12/07/2016",2016-07-17 15:27:24,"green manta",-25.57056065,153.07323382,"156.699996948242","12",21
"12/07/2016",2016-07-17 15:34:18,"green manta",-25.57133675,153.07335176,"151.899993896484","12",30
"12/07/2016",2016-07-17 15:34:37,"green manta",-25.57134911,153.07334751,"154.199996948242","12",25
"12/07/2016",2016-07-17 15:34:41,"green manta",-25.57135855,153.07334327,"154.899993896484","12",20
"12/07/2016",2016-07-17 15:34:46,"green manta",-25.57135888,153.07334393,"155.100006103516","12",36
"12/07/2016",2016-07-17 15:35:38,"green manta",-25.57135267,153.07335287,"159.800003051758","12",20
"12/07/2016",2016-07-17 15:35:40,"green manta",-25.57135207,153.0733555,"159.600006103516","12",25
"12/07/2016",2016-07-17 15:36:14,"green manta",-25.57137988,153.07337367,"158","12",25
"12/07/2016",2016-07-17 15:37:04,"green manta",-25.57145212,153.07336754,"159.899993896484","12",26
"12/07/2016",2016-07-17 15:38:15,"green manta",-25.57151406,153.07333458,"161","12",15
"12/07/2016",2016-07-17 15:39:11,"green manta",-25.57165021,153.07330919,"158.899993896484","12",25
"12/07/2016",2016-07-17 15:39:16,"green manta",-25.57164643,153.07329316,"160.399993896484","12",25
"12/07/2016",2016-07-17 15:40:14,"green manta",-25.57170595,153.07331057,"157.199996948242","11",35
"12/07/2016",2016-07-17 15:40:31,"green manta",-25.57170511,153.07330844,"156.800003051758","11",25
"12/07/2016",2016-07-17 15:42:28,"green manta",-25.57199269,153.07340559,"151.800003051758","11",32
"12/07/2016",2016-07-17 15:42:35,"green manta",-25.57200189,153.07340529,"152.399993896484","11",32
"12/07/2016",2016-07-17 15:44:41,"green manta",-25.57223227,153.07342566,"154.899993896484","11",36
"12/07/2016",2016-07-17 15:46:07,"green manta",-25.57229309,153.07343918,"157.5","11",34
"12/07/2016",2016-07-17 15:46:47,"green manta",-25.5723906,153.07345381,"158.600006103516","11",15
"12/07/2016",2016-07-17 15:47:04,"green manta",-25.57245355,153.07345137,"160.100006103516","11",13
"12/07/2016",2016-07-17 15:48:04,"green manta",-25.57246655,153.07340549,"159","11",15
"12/07/2016",2016-07-17 15:48:14,"green manta",-25.5724666,153.07340545,"159","11",5
"12/07/2016",2016-07-17 15:48:25,"green manta",-25.5724669,153.0734053,"159","11",6
"12/07/2016",2016-07-17 15:49:08,"green manta",-25.57248297,153.07338467,"159.300003051758","11",6
"12/07/2016",2016-07-17 15:49:43,"green manta",-25.57254738,153.0734104,"156.399993896484","11",7
"12/07/2016",2016-07-17 15:50:02,"green manta",-25.57254906,153.07340977,"156.300003051758","11",7
"12/07/2016",2016-07-17 15:50:28,"green manta",-25.57256503,153.07339963,"157.399993896484","11",30
"12/07/2016",2016-07-17 15:50:36,"green manta",-25.57256502,153.0733996,"157.399993896484","11",6
"12/07/2016",2016-07-17 15:50:44,"green manta",-25.57256498,153.07339964,"157.399993896484","11",6
"12/07/2016",2016-07-17 15:52:45,"green manta",-25.57260884,153.07339465,"161.399993896484","11",13
"12/07/2016",2016-07-17 15:52:51,"green manta",-25.57260907,153.07339401,"161.399993896484","11",24
"12/07/2016",2016-07-17 15:53:21,"green manta",-25.57260994,153.07339394,"161.300003051758","11",38
"12/07/2016",2016-07-17 15:54:06,"green manta",-25.57266797,153.07344643,"159.800003051758","11",26
"12/07/2016",2016-07-17 15:54:44,"green manta",-25.5726559,153.0734758,"156.300003051758","11",3
"12/07/2016",2016-07-17 15:55:12,"green manta",-25.57267291,153.07348402,"158.100006103516","11",23
"12/07/2016",2016-07-17 15:55:31,"green manta",-25.57267264,153.07348457,"158.100006103516","11",3
"12/07/2016",2016-07-17 15:55:48,"green manta",-25.57267318,153.07348464,"158.100006103516","11",3
"12/07/2016",2016-07-17 15:55:51,"green manta",-25.57267317,153.07348464,"158.100006103516","11",2
"12/07/2016",2016-07-17 15:55:56,"green manta",-25.57267303,153.07348464,"158.100006103516","11",3
"12/07/2016",2016-07-17 15:56:20,"green manta",-25.57268729,153.07348952,"159.699996948242","11",25
"12/07/2016",2016-07-17 15:57:26,"green manta",-25.57272785,153.07350091,"153.100006103516","11",20
"12/07/2016",2016-07-17 15:58:29,"green manta",-25.57276695,153.07355109,"153.600006103516","11",25
"12/07/2016",2016-07-17 15:58:51,"green manta",-25.57276788,153.07355199,"153.600006103516","11",15
"12/07/2016",2016-07-17 15:59:46,"green manta",-25.57289851,153.07355247,"157.699996948242","11",33
"12/07/2016",2016-07-17 16:02:03,"green manta",-25.57308205,153.07370383,"162.899993896484","11",35
"12/07/2016",2016-07-17 16:02:08,"green manta",-25.57309266,153.07370288,"163.300003051758","11",30
"12/07/2016",2016-07-17 16:03:10,"green manta",-25.5732071,153.0737178,"163.199996948242","11",25
"12/07/2016",2016-07-17 16:03:13,"green manta",-25.57320751,153.07371741,"163.300003051758","11",20
"12/07/2016",2016-07-17 16:03:37,"green manta",-25.57328032,153.07372226,"159","11",25
"12/07/2016",2016-07-17 16:04:11,"green manta",-25.57333906,153.07373255,"157","11",4
"12/07/2016",2016-07-17 16:04:16,"green manta",-25.57333905,153.07373246,"157","11",3
"12/07/2016",2016-07-17 16:04:31,"green manta",-25.57333617,153.07372168,"156.899993896484","11",3
"12/07/2016",2016-07-17 16:04:50,"green manta",-25.57336044,153.07370826,"160.399993896484","11",15
"12/07/2016",2016-07-17 16:06:15,"green manta",-25.57355316,153.07370429,"157.399993896484","11",30
"12/07/2016",2016-07-17 16:06:17,"green manta",-25.57355347,153.07370455,"157.600006103516","11",25
"12/07/2016",2016-07-17 16:06:20,"green manta",-25.57355353,153.07370446,"157.600006103516","11",20
"12/07/2016",2016-07-17 16:06:55,"green manta",-25.573634,153.07371236,"154.800003051758","11",15
"12/07/2016",2016-07-17 16:07:25,"green manta",-25.57370628,153.07371998,"153.199996948242","11",15
"12/07/2016",2016-07-17 16:07:27,"green manta",-25.57371404,153.07371914,"153.300003051758","11",25
"12/07/2016",2016-07-17 16:08:44,"green manta",-25.57401,153.07379191,"154.899993896484","11",15
"12/07/2016",2016-07-17 16:08:46,"green manta",-25.57401066,153.073791,"154.899993896484","11",6
"12/07/2016",2016-07-17 16:09:29,"green manta",-25.57413625,153.07382992,"159.800003051758","11",8
"12/07/2016",2016-07-17 16:10:35,"green manta",-25.57438277,153.07389749,"157","11",25
"12/07/2016",2016-07-17 16:10:47,"green manta",-25.5743881,153.07389669,"158.5","11",30
"12/07/2016",2016-07-17 16:11:44,"green manta",-25.57457412,153.07386163,"162.899993896484","11",15
"12/07/2016",2016-07-17 16:11:56,"green manta",-25.5746223,153.07384547,"160.199996948242","11",18
"12/07/2016",2016-07-17 16:12:12,"green manta",-25.57469111,153.07384899,"160.199996948242","11",20
"11/07/2016",2016-07-17 14:53:49,"red JL",-25.57903061,153.07724022,"151.899993896484","8",30
"11/07/2016",2016-07-17 15:01:14,"red JL",-25.57955427,153.07767478,"173.800003051758","8",2
"11/07/2016",2016-07-17 15:01:21,"red JL",-25.57955254,153.07767681,"174.5","8",2
"11/07/2016",2016-07-17 15:09:06,"red JL",-25.58001217,153.07808282,"159.5","8",15
"11/07/2016",2016-07-17 15:09:13,"red JL",-25.58001217,153.07808282,"159.5","8",10
"11/07/2016",2016-07-17 15:11:30,"red JL",-25.58013128,153.07814921,"157.899993896484","8",15
"11/07/2016",2016-07-17 15:12:57,"red JL",-25.58021864,153.07818871,"147.600006103516","8",2
"11/07/2016",2016-07-17 14:25:09,"DMJ red",-25.56626999,153.06871064,"162.800003051758","14",22
"11/07/2016",2016-07-17 14:36:22,"DMJ red",NA,NA,"","14",14
"11/07/2016",2016-07-17 14:38:54,"DMJ red",NA,NA,"","14",25
"11/07/2016",2016-07-17 14:41:55,"DMJ red",NA,NA,"","14",36
"11/07/2016",2016-07-17 14:43:26,"DMJ red",NA,NA,"","14",28
"11/07/2016",2016-07-17 14:47:10,"DMJ red",NA,NA,"","14",25
"11/07/2016",2016-07-17 14:58:40,"DMJ red",NA,NA,"","14",29
"11/07/2016",2016-07-17 14:59:08,"DMJ red",-25.57106234,153.07343253,"166.300003051758","14",32
"11/07/2016",2016-07-17 15:00:45,"DMJ red",-25.57139381,153.07345973,"162","14",27
"11/07/2016",2016-07-17 15:02:05,"DMJ red",-25.57172195,153.07331223,"166.800003051758","14",28
"11/07/2016",2016-07-17 15:02:53,"DMJ red",-25.57172655,153.07330315,"164.5","14",20
"11/07/2016",2016-07-17 15:03:41,"DMJ red",-25.57181616,153.07328853,"165","14",19
"11/07/2016",2016-07-17 15:05:15,"DMJ red",-25.57196768,153.07337203,"169.399993896484","14",28
"11/07/2016",2016-07-17 15:06:20,"DMJ red",-25.57227452,153.07351561,"166.600006103516","14",31
"11/07/2016",2016-07-17 15:16:05,"DMJ red",-25.57624443,153.0737311,"167.899993896484","14",22
"11/07/2016",2016-07-17 15:16:45,"DMJ red",-25.57620967,153.07370146,"169.300003051758","14",33
"11/07/2016",2016-07-17 15:17:09,"DMJ red",-25.57619235,153.07367526,"169.800003051758","14",26
"11/07/2016",2016-07-17 15:18:34,"DMJ red",-25.5755562,153.07372967,"166.699996948242","14",23
"11/07/2016",2016-07-17 15:19:07,"DMJ red",-25.57554858,153.0737348,"167.800003051758","14",25
"11/07/2016",2016-07-17 12:41:16,"jenny red",-25.59896753,153.09142814,"62.2000007629395","1",5
"11/07/2016",2016-07-17 13:03:28,"jenny red",-25.59917242,153.09025805,"55.2999992370605","1",40
"11/07/2016",2016-07-17 13:22:54,"jenny red",-25.59735431,153.08897199,"69.6999969482422","1",20
"11/07/2016",2016-07-17 13:25:23,"jenny red",-25.59717725,153.08881963,"69.5999984741211","1",15
"11/07/2016",2016-07-17 13:27:17,"jenny red",-25.59705275,153.08869707,"70.3000030517578","1",10
"11/07/2016",2016-07-17 13:28:11,"jenny red",-25.59702179,153.08868544,"71.8000030517578","1",8
"11/07/2016",2016-07-17 13:33:07,"jenny red",-25.59650795,153.08834216,"72.8000030517578","1",6
"11/07/2016",2016-07-17 13:33:09,"jenny red",-25.59650793,153.08834219,"72.8000030517578","1",9
"11/07/2016",2016-07-17 13:41:26,"jenny red",-25.59360274,153.08636363,"75","3",7
"11/07/2016",2016-07-17 13:45:50,"jenny red",-25.59274608,153.08610009,"82.5999984741211","3",10
"11/07/2016",2016-07-17 13:55:47,"jenny red",-25.59066896,153.08471739,"79.3000030517578","3",9
"11/07/2016",2016-07-17 14:39:15,"jenny red",-25.58174232,153.0793867,"157.399993896484","7",10
"11/07/2016",2016-07-17 14:45:37,"jenny red",-25.58134463,153.07895771,"154.100006103516","7",32
"11/07/2016",2016-07-17 14:49:14,"jenny red",-25.58105426,153.07882719,"158.800003051758","7",32
"11/07/2016",2016-07-17 14:52:09,"jenny red",-25.58088296,153.07869281,"158.300003051758","7",30
"11/07/2016",2016-07-17 14:52:59,"jenny red",-25.58084942,153.07865003,"159.699996948242","7",35
"11/07/2016",2016-07-17 14:54:41,"jenny red",-25.58075957,153.07852502,"164.600006103516","7",25
"11/07/2016",2016-07-17 14:56:43,"jenny red",-25.58061493,153.07839168,"166.399993896484","7",43
"11/07/2016",2016-07-17 12:41:26,"red jj",-25.59898669,153.09137911,"55.4000015258789","1",5
"11/07/2016",2016-07-17 14:00:30,"red jj",-25.56370161,153.06837764,"163.5","15",35
"11/07/2016",2016-07-17 14:00:47,"red jj",-25.56370169,153.06837779,"163.5","15",45
"11/07/2016",2016-07-17 14:03:00,"red jj",-25.56388472,153.06823645,"159.5","15",40
"11/07/2016",2016-07-17 14:04:29,"red jj",-25.56421882,153.06813275,"162.399993896484","15",35
"11/07/2016",2016-07-17 14:04:39,"red jj",-25.564226,153.06812104,"161.399993896484","15",25
"11/07/2016",2016-07-17 14:07:06,"red jj",-25.56473103,153.06818858,"159.100006103516","15",40
"11/07/2016",2016-07-17 14:07:50,"red jj",-25.56474284,153.06819009,"158.699996948242","15",30
"11/07/2016",2016-07-17 14:07:55,"red jj",-25.56474281,153.06819003,"158.699996948242","15",35
"11/07/2016",2016-07-17 14:09:19,"red jj",-25.56500072,153.06826364,"161.300003051758","15",40
"11/07/2016",2016-07-17 14:10:57,"red jj",-25.56539413,153.06842894,"162.100006103516","15",35
"11/07/2016",2016-07-17 14:21:10,"red jj",-25.56800727,153.07128833,"151.800003051758","13",30
"11/07/2016",2016-07-17 14:22:29,"red jj",-25.56829235,153.07167584,"159.399993896484","13",30
"11/07/2016",2016-07-17 14:23:52,"red jj",-25.56853692,153.07182407,"157.800003051758","13",15
"11/07/2016",2016-07-17 14:24:37,"red jj",-25.56860434,153.07187978,"157.899993896484","13",30
"11/07/2016",2016-07-17 14:25:03,"red jj",-25.56861492,153.07190896,"159.600006103516","13",30
"11/07/2016",2016-07-17 14:25:25,"red jj",-25.56862038,153.07191798,"159.199996948242","13",25
"11/07/2016",2016-07-17 14:29:16,"red jj",-25.56948696,153.07246748,"152.100006103516","13",30
"11/07/2016",2016-07-17 14:29:19,"red jj",-25.56949449,153.07246462,"152.199996948242","13",40
"11/07/2016",2016-07-17 14:29:42,"red jj",-25.56949508,153.07248484,"151.699996948242","13",30
"11/07/2016",2016-07-17 14:33:17,"red jj",-25.57017395,153.07306236,"158.199996948242","13",30
"11/07/2016",2016-07-17 14:33:47,"red jj",-25.57016045,153.07305666,"155.899993896484","13",15
"11/07/2016",2016-07-17 14:33:50,"red jj",-25.5701603,153.07305681,"155.899993896484","13",15
"11/07/2016",2016-07-17 14:34:38,"red jj",-25.57027888,153.07317064,"159.399993896484","13",35
"11/07/2016",2016-07-17 14:42:46,"red jj",-25.57366665,153.07375258,"165.399993896484","11",40
"11/07/2016",2016-07-17 14:44:24,"red jj",-25.57394446,153.07379492,"167.5","11",10
"11/07/2016",2016-07-17 14:46:55,"red jj",-25.57460773,153.07389604,"164.5","11",25
"11/07/2016",2016-07-17 14:52:51,"red jj",-25.57621288,153.07367529,"162.899993896484","11",25
"14/07/2016",2016-07-17 13:41:26,"shark",-25.56062294,153.07000703,"160.300003051758","16",20
"14/07/2016",2016-07-17 13:44:02,"shark",-25.56117741,153.06993488,"180.699996948242","16",10
"14/07/2016",2016-07-17 13:44:30,"shark",-25.56128165,153.06991004,"168.899993896484","16",25
"14/07/2016",2016-07-17 13:45:49,"shark",-25.56125433,153.06988103,"165.300003051758","16",20
"14/07/2016",2016-07-17 13:46:16,"shark",-25.56134972,153.06991104,"176.100006103516","16",21
"14/07/2016",2016-07-17 13:47:06,"shark",-25.56157066,153.06958768,"175.800003051758","16",25
"14/07/2016",2016-07-17 13:50:51,"shark",-25.56181485,153.06895852,"136.100006103516","16",25
"14/07/2016",2016-07-17 13:51:03,"shark",-25.56180361,153.06894399,"135.300003051758","16",20
"14/07/2016",2016-07-17 13:51:22,"shark",-25.5619577,153.06897702,"161.100006103516","16",15
"14/07/2016",2016-07-17 13:54:08,"shark",-25.56188226,153.0689308,"167.5","16",30
"14/07/2016",2016-07-17 13:54:12,"shark",-25.56192926,153.06886937,"170.100006103516","16",20
"14/07/2016",2016-07-17 13:54:18,"shark",-25.56203963,153.06865316,"171.699996948242","16",25
"14/07/2016",2016-07-17 13:55:20,"shark",-25.56224657,153.06848938,"173.699996948242","16",20
"14/07/2016",2016-07-17 14:12:36,"shark",-25.56601133,153.06873025,"165","16",3
"14/07/2016",2016-07-17 14:13:01,"shark",-25.56582739,153.06856909,"150.800003051758","16",3
"14/07/2016",2016-07-17 14:13:28,"shark",-25.56584427,153.06857621,"147.800003051758","16",30
"14/07/2016",2016-07-17 14:14:17,"shark",-25.56584768,153.06856995,"148.899993896484","16",27
"14/07/2016",2016-07-17 14:15:00,"shark",-25.56591848,153.06857969,"145.199996948242","16",30
"14/07/2016",2016-07-17 14:15:09,"shark",-25.56592114,153.06857972,"145.300003051758","16",20
"14/07/2016",2016-07-17 14:15:54,"shark",-25.56602571,153.06857602,"148.199996948242","16",28
"14/07/2016",2016-07-17 14:15:58,"shark",-25.56603001,153.06857258,"148","16",15
"14/07/2016",2016-07-17 14:16:11,"shark",-25.56604014,153.06857359,"149.399993896484","16",20
"14/07/2016",2016-07-17 14:17:28,"shark",-25.56610207,153.06856055,"151.699996948242","16",5
"14/07/2016",2016-07-17 14:17:58,"shark",-25.56622898,153.06868104,"157","16",20
"14/07/2016",2016-07-17 14:18:18,"shark",-25.56625573,153.06871868,"155.899993896484","16",18
"14/07/2016",2016-07-17 14:18:27,"shark",-25.56627332,153.06873855,"154.800003051758","16",27
"14/07/2016",2016-07-17 14:18:53,"shark",-25.56630733,153.06877368,"156.600006103516","16",30
"14/07/2016",2016-07-17 14:20:24,"shark",-25.56632814,153.06879203,"156.399993896484","16",15
"14/07/2016",2016-07-17 14:20:28,"shark",-25.5663272,153.06879317,"156.199996948242","16",10
"14/07/2016",2016-07-17 14:21:07,"shark",-25.56640234,153.06887519,"163.800003051758","16",7
"14/07/2016",2016-07-17 14:22:05,"shark",-25.56648935,153.06908026,"155.600006103516","16",20
"14/07/2016",2016-07-17 14:27:01,"shark",-25.56649694,153.06907725,"131.5","16",31
"14/07/2016",2016-07-17 14:27:34,"shark",-25.56699179,153.06928373,"162.199996948242","16",25
"14/07/2016",2016-07-17 14:28:11,"shark",-25.56713575,153.06932963,"146","16",25
"14/07/2016",2016-07-17 14:29:29,"shark",-25.56713973,153.069384,"159.600006103516","16",15
"14/07/2016",2016-07-17 14:29:54,"shark",-25.56717527,153.06940372,"157.399993896484","16",11
"14/07/2016",2016-07-17 14:31:21,"shark",-25.56715778,153.06940719,"151.600006103516","16",20
"14/07/2016",2016-07-17 14:31:50,"shark",-25.56729922,153.06952927,"183.899993896484","16",25
"14/07/2016",2016-07-17 15:08:04,"shark",-25.57226791,153.07352182,"167.5","12",20
"14/07/2016",2016-07-17 15:08:13,"shark",-25.57224572,153.07352863,"177.399993896484","12",12
"14/07/2016",2016-07-17 15:08:19,"shark",-25.57224487,153.07352766,"177.199996948242","12",20
"14/07/2016",2016-07-17 15:08:22,"shark",-25.57224365,153.07352661,"177","12",20
"14/07/2016",2016-07-17 15:08:26,"shark",-25.57224463,153.07352746,"177.399993896484","12",25
"14/07/2016",2016-07-17 15:08:34,"shark",-25.5722446,153.07352729,"177.5","12",35
"14/07/2016",2016-07-17 15:08:37,"shark",-25.57224471,153.07352727,"177.5","12",30
"14/07/2016",2016-07-17 15:08:39,"shark",-25.57224516,153.07352735,"177.800003051758","12",20
"14/07/2016",2016-07-17 15:08:42,"shark",-25.57224579,153.0735276,"178","12",15
"14/07/2016",2016-07-17 15:08:44,"shark",-25.57224637,153.07352751,"178.300003051758","12",6
"14/07/2016",2016-07-17 15:08:47,"shark",-25.57224701,153.07352796,"178.600006103516","12",20
"14/07/2016",2016-07-17 15:08:53,"shark",-25.57224896,153.07352955,"179.300003051758","12",5
"14/07/2016",2016-07-17 15:08:56,"shark",-25.57224924,153.07352951,"179.399993896484","12",3
"14/07/2016",2016-07-17 15:08:58,"shark",-25.57224931,153.07352942,"179.399993896484","12",5
"14/07/2016",2016-07-17 15:09:00,"shark",-25.57224927,153.07352929,"179.399993896484","12",3
"14/07/2016",2016-07-17 15:09:03,"shark",-25.57224901,153.07352913,"179.300003051758","12",25
"14/07/2016",2016-07-17 15:09:06,"shark",-25.57224873,153.07352906,"179.300003051758","12",20
"14/07/2016",2016-07-17 15:09:08,"shark",-25.57224858,153.07352872,"179.300003051758","12",25
"14/07/2016",2016-07-17 15:09:20,"shark",-25.57224909,153.07352824,"179.300003051758","12",10
"14/07/2016",2016-07-17 15:09:22,"shark",-25.57225077,153.07352916,"179.800003051758","12",12
"14/07/2016",2016-07-17 15:09:27,"shark",-25.57225089,153.07352888,"179.899993896484","12",24
"14/07/2016",2016-07-17 15:09:29,"shark",-25.57225065,153.0735286,"179.800003051758","12",23
"14/07/2016",2016-07-17 15:09:34,"shark",-25.57225018,153.07352836,"179.699996948242","12",15
"14/07/2016",2016-07-17 15:09:37,"shark",-25.57225022,153.07352836,"179.699996948242","12",30
"14/07/2016",2016-07-17 15:09:39,"shark",-25.57225027,153.07352852,"179.699996948242","12",1
"14/07/2016",2016-07-17 15:09:41,"shark",-25.57225027,153.07352848,"179.699996948242","12",23
"14/07/2016",2016-07-17 15:09:44,"shark",-25.57225028,153.07352833,"179.600006103516","12",10
"14/07/2016",2016-07-17 15:09:46,"shark",-25.57225064,153.0735282,"179.5","12",20
"14/07/2016",2016-07-17 15:09:57,"shark",-25.57225276,153.07352931,"179.699996948242","12",15
"14/07/2016",2016-07-17 15:09:59,"shark",-25.57225426,153.07352969,"180.199996948242","12",10
"14/07/2016",2016-07-17 15:10:02,"shark",-25.57225721,153.07353082,"181.199996948242","12",20
"14/07/2016",2016-07-17 15:10:05,"shark",-25.572261,153.07353246,"182.399993896484","12",20
"14/07/2016",2016-07-17 15:10:08,"shark",-25.57226579,153.07353448,"184","12",8
"14/07/2016",2016-07-17 15:10:10,"shark",-25.57226823,153.07353549,"184.800003051758","12",25
"14/07/2016",2016-07-17 15:10:12,"shark",-25.57226902,153.0735358,"185","12",1
"14/07/2016",2016-07-17 15:10:15,"shark",-25.57226892,153.07353561,"185","12",24
"14/07/2016",2016-07-17 15:10:17,"shark",-25.57226842,153.07353525,"184.699996948242","12",20
"14/07/2016",2016-07-17 15:10:22,"shark",-25.57226815,153.07353477,"184.399993896484","12",10
"14/07/2016",2016-07-17 15:10:24,"shark",-25.57226827,153.07353456,"184.399993896484","12",30
"14/07/2016",2016-07-17 15:10:27,"shark",-25.57226821,153.0735343,"184.399993896484","12",18
"14/07/2016",2016-07-17 15:10:29,"shark",-25.57226811,153.07353411,"184.300003051758","12",25
"14/07/2016",2016-07-17 15:10:31,"shark",-25.57226811,153.07353384,"184.300003051758","12",15
"14/07/2016",2016-07-17 15:10:34,"shark",-25.5722682,153.07353379,"184.300003051758","12",22
"14/07/2016",2016-07-17 15:10:42,"shark",-25.57235973,153.0734529,"183.5","12",25
"14/07/2016",2016-07-17 15:10:45,"shark",-25.57237106,153.07347311,"184.199996948242","12",25
"14/07/2016",2016-07-17 15:10:47,"shark",-25.57237528,153.0734891,"182.699996948242","12",20
"14/07/2016",2016-07-17 15:10:50,"shark",-25.57237732,153.07350122,"182.300003051758","12",25
"14/07/2016",2016-07-17 15:10:59,"shark",-25.57238056,153.07350799,"181.399993896484","12",15
"14/07/2016",2016-07-17 15:11:05,"shark",-25.5723778,153.07351289,"181.699996948242","12",22
"14/07/2016",2016-07-17 15:11:10,"shark",-25.57237632,153.07349803,"179.699996948242","12",5
"14/07/2016",2016-07-17 15:11:12,"shark",-25.5723803,153.07350497,"181.600006103516","12",5
"14/07/2016",2016-07-17 15:11:14,"shark",-25.57237962,153.07350624,"179.899993896484","12",4
"14/07/2016",2016-07-17 15:11:16,"shark",-25.5723765,153.07350164,"179.199996948242","12",5
"14/07/2016",2016-07-17 15:11:22,"shark",-25.57237596,153.07350209,"181.300003051758","12",25
"14/07/2016",2016-07-17 15:11:32,"shark",-25.57237893,153.07348699,"177.300003051758","12",25
"14/07/2016",2016-07-17 15:11:40,"shark",-25.5723843,153.07347961,"175.800003051758","12",25
"14/07/2016",2016-07-17 15:11:45,"shark",-25.57239606,153.07346356,"174.800003051758","12",30
"14/07/2016",2016-07-17 15:12:54,"shark",-25.57248436,153.07340806,"166.100006103516","12",4
"14/07/2016",2016-07-17 15:12:58,"shark",-25.57248499,153.07340713,"166.199996948242","12",3
"14/07/2016",2016-07-17 15:13:02,"shark",-25.57248512,153.07340714,"166.199996948242","12",4
"14/07/2016",2016-07-17 15:13:09,"shark",-25.57248526,153.07340711,"166.199996948242","12",6
"14/07/2016",2016-07-17 15:13:12,"shark",-25.5724853,153.07340709,"166.199996948242","12",5
"14/07/2016",2016-07-17 15:13:21,"shark",-25.57249712,153.07339733,"164.699996948242","12",14
"14/07/2016",2016-07-17 15:13:38,"shark",-25.57249717,153.07334857,"159.199996948242","12",30
"14/07/2016",2016-07-17 15:13:48,"shark",-25.5724968,153.07334758,"159","12",12
"14/07/2016",2016-07-17 15:13:52,"shark",-25.5724969,153.07334798,"159","12",4
"14/07/2016",2016-07-17 15:13:54,"shark",-25.57249704,153.07334836,"159","12",3
"14/07/2016",2016-07-17 15:14:30,"shark",-25.57259545,153.07338551,"160","12",6
"14/07/2016",2016-07-17 15:15:10,"shark",-25.57266178,153.07341446,"156.300003051758","12",12
"14/07/2016",2016-07-17 15:15:33,"shark",-25.57269883,153.07342696,"155.100006103516","12",30
"14/07/2016",2016-07-17 15:16:06,"shark",-25.57271095,153.07344741,"158.100006103516","12",6
"14/07/2016",2016-07-17 15:16:22,"shark",-25.57271233,153.07345073,"158.300003051758","12",30
"14/07/2016",2016-07-17 15:16:26,"shark",-25.57271227,153.07345074,"158.300003051758","12",15
"14/07/2016",2016-07-17 15:16:49,"shark",-25.57272232,153.07349911,"155.199996948242","12",12
"14/07/2016",2016-07-17 15:17:07,"shark",-25.57272841,153.07355029,"154.800003051758","12",10
"14/07/2016",2016-07-17 15:18:16,"shark",-25.57281086,153.07352134,"148.5","12",23
"14/07/2016",2016-07-17 15:19:38,"shark",-25.57292235,153.07356057,"144.699996948242","12",4
"14/07/2016",2016-07-17 15:19:57,"shark",-25.57296041,153.07359032,"148.600006103516","12",3
"14/07/2016",2016-07-17 15:19:59,"shark",-25.57296049,153.07359028,"148.600006103516","12",3
"14/07/2016",2016-07-17 15:20:01,"shark",-25.57296059,153.07359026,"148.600006103516","12",3
"14/07/2016",2016-07-17 15:20:48,"shark",-25.57310029,153.07364419,"151.399993896484","12",25
"14/07/2016",2016-07-17 15:31:02,"shark",-25.57642565,153.07347463,"163.699996948242","12",25
"14/07/2016",2016-07-17 15:31:58,"shark",-25.57647989,153.07347128,"162.800003051758","12",9
"14/07/2016",2016-07-17 15:32:00,"shark",-25.57648016,153.0734745,"162.899993896484","12",7
"14/07/2016",2016-07-17 15:32:45,"shark",-25.57652039,153.073487,"157.699996948242","12",3
"14/07/2016",2016-07-17 15:33:00,"shark",-25.57652032,153.07348682,"157.899993896484","12",30
"14/07/2016",2016-07-17 15:36:16,"shark",-25.57670987,153.07347272,"176.399993896484","12",24
"14/07/2016",2016-07-17 15:36:50,"shark",-25.57674882,153.07347344,"177.600006103516","12",27
"14/07/2016",2016-07-17 15:38:44,"shark",-25.57710045,153.07362684,"174.5","12",28
"14/07/2016",2016-07-17 15:39:52,"shark",-25.57701787,153.07362538,"168.5","12",12
"14/07/2016",2016-07-17 15:41:20,"shark",-25.57743604,153.07395499,"174.399993896484","12",23
"14/07/2016",2016-07-17 15:43:29,"shark",-25.57750484,153.07404418,"165.300003051758","12",30
"14/07/2016",2016-07-17 15:48:19,"shark",-25.57768517,153.07494019,"171.199996948242","12",27
"14/07/2016",2016-07-17 15:51:23,"shark",-25.57812603,153.07497175,"186.300003051758","12",20
"14/07/2016",2016-07-17 13:00:35,"beam",-25.59941408,153.09015453,"55.4000015258789","1",30
"14/07/2016",2016-07-17 13:01:05,"beam",-25.59940713,153.09015744,"57.5999984741211","1",18
"14/07/2016",2016-07-17 13:03:29,"beam",-25.59936046,153.09020392,"51","1",15
"14/07/2016",2016-07-17 13:05:41,"beam",-25.59905814,153.09033127,"56.2000007629395","1",13
"14/07/2016",2016-07-17 13:11:52,"beam",-25.5980137,153.08972574,"63","1",20
"14/07/2016",2016-07-17 13:29:30,"beam",-25.59261038,153.08612167,"86","3",20
"14/07/2016",2016-07-17 13:33:41,"beam",-25.5917218,153.08548131,"80","3",20
"14/07/2016",2016-07-17 13:43:08,"beam",-25.58770548,153.08356002,"76.9000015258789","5",15
"14/07/2016",2016-07-17 13:47:26,"beam",-25.58716004,153.08348104,"74.1999969482422","5",26
"14/07/2016",2016-07-17 13:52:02,"beam",-25.58658523,153.08311307,"89.4000015258789","5",25
"14/07/2016",2016-07-17 14:01:45,"beam",-25.58557965,153.08181181,"110.699996948242","5",25
"14/07/2016",2016-07-17 14:17:00,"beam",-25.582256,153.0800742,"143.899993896484","7",14
"14/07/2016",2016-07-17 14:17:57,"beam",-25.58222652,153.08002625,"146.199996948242","7",10
"14/07/2016",2016-07-17 14:25:08,"beam",-25.58166578,153.07934081,"151.899993896484","7",13
"14/07/2016",2016-07-17 14:29:19,"beam",-25.58134892,153.07905806,"153.399993896484","7",10
"14/07/2016",2016-07-17 14:34:24,"beam",-25.5807681,153.07858919,"158.899993896484","7",26
"14/07/2016",2016-07-17 14:35:47,"beam",-25.58077428,153.07857487,"162.5","7",30
"14/07/2016",2016-07-17 14:38:25,"beam",-25.58069165,153.07845172,"164","7",15
"14/07/2016",2016-07-17 14:39:15,"beam",-25.58064885,153.07841765,"162.399993896484","7",25
"14/07/2016",2016-07-17 14:40:43,"beam",-25.58057828,153.07838711,"160","7",28
"14/07/2016",2016-07-17 13:55:36,"bob",-25.57840412,153.07654727,"191.699996948242","8",20
"14/07/2016",2016-07-17 14:06:05,"bob",-25.57958828,153.07768953,"174","8",32
"14/07/2016",2016-07-17 14:07:13,"bob",-25.57971056,153.07776824,"169.300003051758","8",19
"14/07/2016",2016-07-17 14:07:46,"bob",-25.57974754,153.0777694,"169.199996948242","8",17
"14/07/2016",2016-07-17 14:08:11,"bob",-25.57973774,153.07775589,"168.800003051758","8",20
"14/07/2016",2016-07-17 14:09:21,"bob",-25.57975073,153.07769433,"169.5","8",19
"14/07/2016",2016-07-17 14:14:59,"bob",-25.58006658,153.07807184,"163.300003051758","8",20
"14/07/2016",2016-07-17 13:50:47,"ht",-25.56248995,153.06833447,"163","15",18
"14/07/2016",2016-07-17 13:56:53,"ht",-25.56280531,153.06818613,"170.399993896484","15",16
"14/07/2016",2016-07-17 14:01:36,"ht",-25.56310318,153.06818131,"163.300003051758","15",19
"14/07/2016",2016-07-17 14:01:51,"ht",-25.5631011,153.06818411,"163.300003051758","15",24
"14/07/2016",2016-07-17 14:02:02,"ht",-25.56310621,153.06819142,"163.5","15",13
"14/07/2016",2016-07-17 14:04:44,"ht",-25.56324548,153.06830904,"162","15",3
"14/07/2016",2016-07-17 14:04:55,"ht",-25.56324556,153.06830908,"162","15",3
"14/07/2016",2016-07-17 14:05:05,"ht",-25.56324538,153.06831282,"162.199996948242","15",4
"14/07/2016",2016-07-17 14:07:49,"ht",-25.56339107,153.06839318,"162.100006103516","15",30
"14/07/2016",2016-07-17 14:10:22,"ht",-25.56360171,153.06842871,"162.100006103516","15",28
"14/07/2016",2016-07-17 14:11:36,"ht",-25.56373281,153.06835533,"162","15",33
"14/07/2016",2016-07-17 14:13:28,"ht",-25.56382395,153.06827924,"162.300003051758","15",27
"14/07/2016",2016-07-17 14:14:16,"ht",-25.56391124,153.06826566,"162.699996948242","15",24
"14/07/2016",2016-07-17 14:15:42,"ht",-25.56413049,153.06813839,"162.800003051758","15",34
"14/07/2016",2016-07-17 14:16:13,"ht",-25.56416299,153.06814999,"164.699996948242","15",28
"14/07/2016",2016-07-17 14:16:26,"ht",-25.56414288,153.06814785,"166","15",29
"14/07/2016",2016-07-17 14:17:14,"ht",-25.56423993,153.06810379,"160.699996948242","15",26
"14/07/2016",2016-07-17 14:17:47,"ht",-25.56426554,153.06809477,"159.5","15",30
"14/07/2016",2016-07-17 14:22:59,"ht",-25.56479167,153.06814993,"162.300003051758","15",21
"14/07/2016",2016-07-17 14:23:02,"ht",-25.56479649,153.06815052,"161.800003051758","15",27
"14/07/2016",2016-07-17 14:23:17,"ht",-25.56482224,153.06815551,"160.600006103516","15",28
"14/07/2016",2016-07-17 14:23:21,"ht",-25.5648278,153.06815853,"160.199996948242","15",25
"14/07/2016",2016-07-17 14:24:05,"ht",-25.56487691,153.06816727,"161","15",30
"14/07/2016",2016-07-17 14:25:35,"ht",-25.56517277,153.06832069,"157.800003051758","15",24
"14/07/2016",2016-07-17 14:25:49,"ht",-25.56518964,153.06831458,"155.399993896484","15",20
"14/07/2016",2016-07-17 14:26:30,"ht",-25.56527802,153.06836506,"155.699996948242","15",20
"14/07/2016",2016-07-17 14:35:00,"ht",-25.56779374,153.07098724,"152.800003051758","13",35
"14/07/2016",2016-07-17 14:36:59,"ht",-25.56798015,153.07125781,"152.5","13",24
"14/07/2016",2016-07-17 14:37:33,"ht",-25.56802737,153.07129882,"154.800003051758","13",13
"14/07/2016",2016-07-17 14:37:48,"ht",-25.56803737,153.07130906,"155.399993896484","13",30
"14/07/2016",2016-07-17 14:41:05,"ht",-25.56834159,153.07166049,"155.800003051758","13",18
"14/07/2016",2016-07-17 14:44:34,"ht",-25.56864452,153.07185369,"153.5","13",24
"14/07/2016",2016-07-17 14:50:13,"ht",-25.56898957,153.07222373,"153.100006103516","13",25
"14/07/2016",2016-07-17 14:50:20,"ht",-25.56899984,153.07222496,"150.800003051758","13",25
"14/07/2016",2016-07-17 14:50:23,"ht",-25.56899871,153.07222366,"150.699996948242","13",20
"14/07/2016",2016-07-17 14:52:26,"ht",-25.56917134,153.07230782,"153","13",26
"14/07/2016",2016-07-17 14:52:36,"ht",-25.56917846,153.07230237,"152.899993896484","13",27
"14/07/2016",2016-07-17 14:54:11,"ht",-25.56932435,153.07238139,"156.899993896484","13",10
"14/07/2016",2016-07-17 14:54:22,"ht",-25.56933544,153.07238829,"154","13",33
"14/07/2016",2016-07-17 14:55:25,"ht",-25.56938422,153.07238016,"151.199996948242","13",30
"14/07/2016",2016-07-17 14:55:38,"ht",-25.56938428,153.07237893,"151.199996948242","13",8
"14/07/2016",2016-07-17 14:56:58,"ht",-25.56939476,153.07241905,"155.600006103516","13",13
"14/07/2016",2016-07-17 14:57:02,"ht",-25.56939498,153.07241894,"155.699996948242","13",9
"14/07/2016",2016-07-17 14:57:06,"ht",-25.56939616,153.07241833,"155.800003051758","13",5
"14/07/2016",2016-07-17 14:57:16,"ht",-25.56939559,153.07241758,"155.699996948242","13",3
"14/07/2016",2016-07-17 14:57:23,"ht",-25.56939551,153.07241751,"155.600006103516","13",3
"14/07/2016",2016-07-17 14:57:34,"ht",-25.56940828,153.07242382,"154.100006103516","13",3
"14/07/2016",2016-07-17 14:57:48,"ht",-25.56939982,153.07242425,"154.899993896484","13",3
"14/07/2016",2016-07-17 14:57:54,"ht",-25.56940352,153.0724261,"155.399993896484","13",3
"14/07/2016",2016-07-17 14:58:05,"ht",-25.56940307,153.07242567,"155.199996948242","13",3
"14/07/2016",2016-07-17 14:58:10,"ht",-25.569403,153.07242564,"155.199996948242","13",5
"14/07/2016",2016-07-17 14:58:23,"ht",-25.56941467,153.07241586,"154.199996948242","13",2
"14/07/2016",2016-07-17 14:58:27,"ht",-25.56941441,153.07241511,"154","13",3
"14/07/2016",2016-07-17 14:58:38,"ht",-25.56941278,153.07241403,"153.699996948242","13",4
"14/07/2016",2016-07-17 14:58:40,"ht",-25.56941205,153.0724136,"153.5","13",3
"14/07/2016",2016-07-17 14:58:42,"ht",-25.56941183,153.07241348,"153.5","13",6
"14/07/2016",2016-07-17 14:58:47,"ht",-25.56941173,153.07241336,"153.5","13",6
"14/07/2016",2016-07-17 14:59:44,"ht",-25.5695156,153.07245084,"153.800003051758","13",7
"14/07/2016",2016-07-17 14:59:52,"ht",-25.56951074,153.07244062,"152.699996948242","13",26
"14/07/2016",2016-07-17 15:00:05,"ht",-25.56951255,153.07245041,"151.100006103516","13",27
"14/07/2016",2016-07-17 15:00:17,"ht",-25.56952222,153.07246785,"151","13",25
"14/07/2016",2016-07-17 15:01:24,"ht",-25.56959566,153.07260915,"154.5","13",28
"14/07/2016",2016-07-17 15:02:57,"ht",-25.56960969,153.07263247,"152.600006103516","13",2
"14/07/2016",2016-07-17 15:03:17,"ht",-25.56959544,153.07263635,"152.5","13",2
"14/07/2016",2016-07-17 15:03:35,"ht",-25.56959567,153.07263745,"152.699996948242","13",3
"14/07/2016",2016-07-17 15:03:43,"ht",-25.56959567,153.07263771,"152.699996948242","13",4
"14/07/2016",2016-07-17 15:04:46,"ht",-25.56969846,153.07272579,"157.199996948242","13",22
"14/07/2016",2016-07-17 15:05:25,"ht",-25.56974704,153.0727336,"156.800003051758","13",32
"14/07/2016",2016-07-17 15:05:50,"ht",-25.56977345,153.0727476,"160","13",17
"14/07/2016",2016-07-17 15:07:32,"ht",-25.56995245,153.07296938,"152.699996948242","13",30
"14/07/2016",2016-07-17 15:07:53,"ht",-25.56997815,153.07297879,"151.699996948242","13",20
"14/07/2016",2016-07-17 15:14:59,"ht",-25.57341511,153.07371997,"161.300003051758","11",18
"14/07/2016",2016-07-17 15:15:21,"ht",-25.5734521,153.07369723,"162.899993896484","11",25
"14/07/2016",2016-07-17 15:15:34,"ht",-25.57346215,153.07368603,"163.399993896484","11",24
"14/07/2016",2016-07-17 15:17:05,"ht",-25.57359727,153.0736289,"159.199996948242","11",27
"14/07/2016",2016-07-17 15:17:22,"ht",-25.57360351,153.07363166,"157","11",26
"14/07/2016",2016-07-17 15:17:45,"ht",-25.5736384,153.07365749,"156.399993896484","11",13
"14/07/2016",2016-07-17 15:19:42,"ht",-25.57395136,153.07378101,"160","11",12
"14/07/2016",2016-07-17 15:20:33,"ht",-25.57398736,153.07377204,"158","11",19
"14/07/2016",2016-07-17 15:20:51,"ht",-25.57401327,153.0737861,"157.5","11",17
"14/07/2016",2016-07-17 15:23:59,"ht",-25.57431673,153.07382474,"162.5","11",8
"14/07/2016",2016-07-17 15:24:27,"ht",-25.57431837,153.07382676,"163","11",16
"14/07/2016",2016-07-17 15:26:16,"ht",-25.57442745,153.07389397,"162.300003051758","11",20
"14/07/2016",2016-07-17 15:28:24,"ht",-25.57462187,153.07387299,"157.899993896484","11",19
"14/07/2016",2016-07-17 15:28:42,"ht",-25.57464509,153.07386138,"160.100006103516","11",21
"14/07/2016",2016-07-17 15:29:05,"ht",-25.57467137,153.07386997,"157.5","11",18
"14/07/2016",2016-07-17 15:29:23,"ht",-25.5747124,153.07384993,"156.399993896484","11",20
"14/07/2016",2016-07-17 15:29:52,"ht",-25.57474479,153.07384657,"156.399993896484","11",26
"14/07/2016",2016-07-17 15:30:05,"ht",-25.57474797,153.07384859,"156.699996948242","11",3
"14/07/2016",2016-07-17 15:30:45,"ht",-25.57476109,153.07382641,"154.800003051758","11",2
"14/07/2016",2016-07-17 15:30:57,"ht",-25.5747614,153.07381944,"154","11",3
"14/07/2016",2016-07-17 15:31:09,"ht",-25.57475694,153.07384132,"153.5","11",3
"14/07/2016",2016-07-17 15:31:25,"ht",-25.57475801,153.0738486,"153.600006103516","11",3
"14/07/2016",2016-07-17 15:31:33,"ht",-25.57475819,153.07384865,"153.699996948242","11",2
"14/07/2016",2016-07-17 15:31:42,"ht",-25.57475809,153.07384858,"153.699996948242","11",3
"14/07/2016",2016-07-17 15:31:44,"ht",-25.57475806,153.07384859,"153.699996948242","11",3
"14/07/2016",2016-07-17 15:31:49,"ht",-25.57475811,153.07384862,"153.800003051758","11",4
"14/07/2016",2016-07-17 15:32:06,"ht",-25.57475806,153.07384863,"153.800003051758","11",6
"14/07/2016",2016-07-17 15:32:17,"ht",-25.57475801,153.07384855,"153.800003051758","11",3
"14/07/2016",2016-07-17 15:32:27,"ht",-25.57475798,153.07384851,"153.800003051758","11",4
"14/07/2016",2016-07-17 15:32:36,"ht",-25.57475793,153.07384848,"153.800003051758","11",3
"14/07/2016",2016-07-17 15:32:49,"ht",-25.57475789,153.07384853,"153.899993896484","11",5
"14/07/2016",2016-07-17 15:34:26,"ht",-25.57495573,153.07381194,"162.5","11",18
"14/07/2016",2016-07-17 15:35:00,"ht",-25.57505984,153.07382452,"160","11",29
"14/07/2016",2016-07-17 15:35:02,"ht",-25.57506275,153.07382458,"160.800003051758","11",30
"14/07/2016",2016-07-17 15:35:26,"ht",-25.57513811,153.07382729,"162.899993896484","11",20
"14/07/2016",2016-07-17 15:37:04,"ht",-25.57530132,153.07375642,"159.300003051758","11",16
"14/07/2016",2016-07-17 15:37:09,"ht",-25.5753072,153.07376229,"160.199996948242","11",15
"14/07/2016",2016-07-17 15:37:21,"ht",-25.57531684,153.07375658,"159.800003051758","11",25
"14/07/2016",2016-07-17 15:37:42,"ht",-25.57537014,153.07374524,"161.100006103516","11",10
"14/07/2016",2016-07-17 15:38:36,"ht",-25.57550011,153.07370036,"160.800003051758","11",17
"14/07/2016",2016-07-17 15:40:01,"ht",-25.57561128,153.07369703,"163.199996948242","11",9
"14/07/2016",2016-07-17 15:40:16,"ht",-25.57561151,153.07369685,"163.199996948242","11",2
"14/07/2016",2016-07-17 15:40:23,"ht",-25.57561225,153.07369255,"164.199996948242","11",7
"14/07/2016",2016-07-17 15:40:29,"ht",-25.57562239,153.0736758,"164.199996948242","11",3
"14/07/2016",2016-07-17 15:40:46,"ht",-25.57562589,153.0736747,"164.100006103516","11",5
"14/07/2016",2016-07-17 15:40:50,"ht",-25.57562586,153.07367491,"164.100006103516","11",4
"14/07/2016",2016-07-17 15:43:24,"ht",-25.57603076,153.07360888,"158.300003051758","11",24
"14/07/2016",2016-07-17 15:54:17,"ht",-25.57873337,153.07678811,"177.399993896484","9",7
